sensor_id,timestamp,waste_type,inductive_property,capacitive_property,moisture_property,infrared_property
4,2023-09-01 12:00:00,non_recyclable,0.69,0.24,0.66,66.6
4,2023-09-01 12:15:00,non_recyclable,0.75,0.8,0.03,78.11
1,2023-09-01 12:30:00,recyclable,0.81,0.32,0.34,95.54
1,2023-09-01 12:45:00,non_recyclable,1.16,0.74,0.99,69.39
1,2023-09-01 13:00:00,recyclable,0.85,0.36,0.6,64.04
4,2023-09-01 13:15:00,recyclable,0.63,0.45,0.68,61.62
1,2023-09-01 13:30:00,organic,1.25,0.09,0.36,69.2
2,2023-09-01 13:45:00,organic,0.65,0.97,0.9,75.56
4,2023-09-01 14:00:00,organic,0.83,0.64,0.36,70.03
1,2023-09-01 14:15:00,organic,1.2,0.19,0.5,22.4
1,2023-09-01 14:30:00,organic,0.74,0.76,0.76,38.52
4,2023-09-01 14:45:00,recyclable,1.14,0.37,0.91,85.51
1,2023-09-01 15:00:00,recyclable,1.06,0.41,0.07,47.15
3,2023-09-01 15:15:00,recyclable,0.77,0.16,0.03,30.04
3,2023-09-01 15:30:00,recyclable,0.79,0.67,0.6,43.95
4,2023-09-01 15:45:00,non_recyclable,1.19,0.69,0.72,46.16
2,2023-09-01 16:00:00,non_recyclable,1.36,0.57,0.88,48.62
2,2023-09-01 16:15:00,non_recyclable,1.02,0.63,0.0,5.7
3,2023-09-01 16:30:00,organic,0.61,0.68,0.65,93.61
4,2023-09-01 16:45:00,organic,0.71,0.98,0.76,3.79
2,2023-09-01 17:00:00,organic,1.07,0.96,0.3,92.41
4,2023-09-01 17:15:00,recyclable,1.28,0.87,0.48,74.28
3,2023-09-01 17:30:00,non_recyclable,1.03,0.78,0.46,23.38
3,2023-09-01 17:45:00,organic,0.84,0.09,0.11,92.09
4,2023-09-01 18:00:00,organic,0.82,0.15,0.58,76.12
1,2023-09-01 18:15:00,organic,0.9,0.93,0.67,96.91
3,2023-09-01 18:30:00,recyclable,1.34,0.44,0.46,50.53
4,2023-09-01 18:45:00,organic,1.11,0.12,0.53,86.69
1,2023-09-01 19:00:00,non_recyclable,1.32,0.7,0.78,68.89
2,2023-09-01 19:15:00,non_recyclable,0.84,0.62,0.93,22.65
2,2023-09-01 19:30:00,recyclable,0.74,0.62,0.15,56.34
2,2023-09-01 19:45:00,non_recyclable,0.86,0.91,0.83,41.72
3,2023-09-01 20:00:00,organic,1.1,0.24,0.02,6.8
3,2023-09-01 20:15:00,organic,0.87,0.32,0.93,58.09
3,2023-09-01 20:30:00,recyclable,1.08,0.84,0.02,63.19
2,2023-09-01 20:45:00,organic,0.85,0.18,0.41,4.5
2,2023-09-01 21:00:00,organic,1.31,0.74,0.54,4.94
4,2023-09-01 21:15:00,recyclable,0.96,0.52,0.64,81.69
4,2023-09-01 21:30:00,recyclable,0.8,0.5,0.03,29.32
2,2023-09-01 21:45:00,non_recyclable,0.81,0.75,0.84,26.65
4,2023-09-01 22:00:00,non_recyclable,1.16,0.88,0.84,0.15
1,2023-09-01 22:15:00,non_recyclable,0.7,0.42,0.4,98.37
3,2023-09-01 22:30:00,recyclable,0.66,0.31,0.38,30.98
4,2023-09-01 22:45:00,non_recyclable,0.93,0.69,0.92,59.22
1,2023-09-01 23:00:00,organic,0.85,0.97,0.57,79.85
2,2023-09-01 23:15:00,recyclable,0.71,0.04,0.23,36.93
4,2023-09-01 23:30:00,recyclable,0.95,0.09,0.77,4.51
1,2023-09-01 23:45:00,non_recyclable,1.17,0.53,0.14,90.49
4,2023-09-02 00:00:00,organic,0.71,0.88,0.34,82.01
2,2023-09-02 00:15:00,organic,0.98,0.54,0.09,21.3
3,2023-09-02 00:30:00,non_recyclable,0.99,0.73,0.64,64.3
4,2023-09-02 00:45:00,organic,1.29,0.87,0.19,67.53
2,2023-09-02 01:00:00,non_recyclable,0.76,0.03,0.63,72.88
4,2023-09-02 01:15:00,organic,0.91,0.57,0.18,8.5
4,2023-09-02 01:30:00,non_recyclable,1.38,0.61,0.24,74.08
1,2023-09-02 01:45:00,organic,0.78,0.31,0.45,57.49
2,2023-09-02 02:00:00,recyclable,0.85,0.22,0.24,80.91
1,2023-09-02 02:15:00,recyclable,0.77,0.91,0.07,93.49
3,2023-09-02 02:30:00,non_recyclable,1.28,0.41,0.46,60.55
1,2023-09-02 02:45:00,non_recyclable,0.67,0.52,0.74,75.23
1,2023-09-02 03:00:00,non_recyclable,1.05,0.5,0.26,5.36
3,2023-09-02 03:15:00,organic,0.78,0.58,0.77,69.57
2,2023-09-02 03:30:00,recyclable,0.64,0.96,1.0,15.52
1,2023-09-02 03:45:00,non_recyclable,0.87,0.89,0.38,12.67
4,2023-09-02 04:00:00,non_recyclable,0.9,0.2,0.53,17.85
4,2023-09-02 04:15:00,non_recyclable,1.37,0.79,0.18,30.94
3,2023-09-02 04:30:00,recyclable,1.01,0.34,0.96,63.51
2,2023-09-02 04:45:00,recyclable,1.25,0.37,0.19,97.54
2,2023-09-02 05:00:00,organic,0.82,0.04,0.47,69.6
2,2023-09-02 05:15:00,recyclable,0.65,0.22,0.7,69.16
3,2023-09-02 05:30:00,non_recyclable,0.66,0.15,0.32,59.16
2,2023-09-02 05:45:00,organic,0.95,0.82,0.12,79.16
2,2023-09-02 06:00:00,recyclable,1.28,0.59,0.89,24.96
3,2023-09-02 06:15:00,non_recyclable,0.62,0.9,0.19,55.16
4,2023-09-02 06:30:00,non_recyclable,1.35,0.96,0.46,80.23
2,2023-09-02 06:45:00,organic,0.65,0.33,0.95,19.79
3,2023-09-02 07:00:00,recyclable,1.29,0.55,0.73,85.65
3,2023-09-02 07:15:00,organic,1.34,0.87,0.57,50.78
2,2023-09-02 07:30:00,organic,1.36,0.51,0.67,38.78
2,2023-09-02 07:45:00,non_recyclable,1.03,0.95,0.49,41.9
3,2023-09-02 08:00:00,recyclable,0.73,0.32,0.26,75.34
2,2023-09-02 08:15:00,organic,1.28,0.55,0.62,23.87
1,2023-09-02 08:30:00,recyclable,0.78,0.32,0.31,61.37
4,2023-09-02 08:45:00,recyclable,1.38,0.95,0.89,65.25
2,2023-09-02 09:00:00,recyclable,1.4,0.59,0.34,77.49
1,2023-09-02 09:15:00,recyclable,1.17,0.96,0.53,45.91
4,2023-09-02 09:30:00,organic,0.65,0.17,0.56,38.23
2,2023-09-02 09:45:00,recyclable,0.67,0.32,0.44,43.87
1,2023-09-02 10:00:00,non_recyclable,1.34,0.7,0.85,24.08
1,2023-09-02 10:15:00,organic,1.11,0.58,0.83,96.43
3,2023-09-02 10:30:00,non_recyclable,0.79,0.42,0.83,77.72
2,2023-09-02 10:45:00,organic,1.22,0.72,0.44,93.38
2,2023-09-02 11:00:00,recyclable,1.03,0.12,0.41,66.69
4,2023-09-02 11:15:00,recyclable,1.12,0.04,0.51,92.27
3,2023-09-02 11:30:00,organic,0.64,0.17,0.92,83.16
3,2023-09-02 11:45:00,non_recyclable,0.77,0.43,0.69,84.21
1,2023-09-02 12:00:00,organic,0.66,0.05,0.1,15.17
1,2023-09-02 12:15:00,recyclable,0.87,0.4,0.31,70.1
2,2023-09-02 12:30:00,non_recyclable,0.65,0.91,0.47,89.36
3,2023-09-02 12:45:00,non_recyclable,1.18,0.13,0.13,47.75
3,2023-09-02 13:00:00,recyclable,1.3,0.34,0.49,13.14
1,2023-09-02 13:15:00,recyclable,1.24,0.14,0.21,25.91
1,2023-09-02 13:30:00,recyclable,1.37,0.34,0.25,56.53
2,2023-09-02 13:45:00,recyclable,1.36,0.45,0.73,10.26
2,2023-09-02 14:00:00,organic,0.69,0.95,0.04,42.77
2,2023-09-02 14:15:00,recyclable,1.22,0.17,0.85,29.53
1,2023-09-02 14:30:00,non_recyclable,0.96,0.07,0.47,94.7
2,2023-09-02 14:45:00,recyclable,1.31,0.14,0.87,7.91
3,2023-09-02 15:00:00,organic,0.7,0.65,0.58,19.45
2,2023-09-02 15:15:00,organic,0.91,0.1,0.71,84.91
3,2023-09-02 15:30:00,non_recyclable,1.1,0.39,0.77,94.89
1,2023-09-02 15:45:00,recyclable,0.69,0.64,0.32,9.9
1,2023-09-02 16:00:00,recyclable,1.16,0.08,0.66,1.13
4,2023-09-02 16:15:00,organic,1.19,0.45,0.35,60.93
4,2023-09-02 16:30:00,recyclable,1.22,0.6,0.79,46.91
2,2023-09-02 16:45:00,organic,0.67,0.86,0.37,41.96
2,2023-09-02 17:00:00,organic,0.87,0.79,0.19,4.16
4,2023-09-02 17:15:00,recyclable,0.81,0.13,0.71,3.39
3,2023-09-02 17:30:00,non_recyclable,1.11,0.92,0.75,53.47
1,2023-09-02 17:45:00,recyclable,0.65,0.91,0.6,49.31
4,2023-09-02 18:00:00,organic,1.0,0.85,0.32,60.05
1,2023-09-02 18:15:00,organic,0.66,0.05,0.75,92.01
3,2023-09-02 18:30:00,non_recyclable,0.89,0.5,0.17,47.15
2,2023-09-02 18:45:00,recyclable,1.13,0.53,0.26,95.73
1,2023-09-02 19:00:00,organic,1.13,0.38,0.47,90.96
2,2023-09-02 19:15:00,non_recyclable,0.85,0.89,0.58,31.84
4,2023-09-02 19:30:00,recyclable,1.15,0.5,0.31,38.08
1,2023-09-02 19:45:00,recyclable,1.18,0.37,0.22,26.49
1,2023-09-02 20:00:00,organic,1.22,0.21,0.83,89.77
3,2023-09-02 20:15:00,organic,1.01,0.28,0.51,64.92
4,2023-09-02 20:30:00,recyclable,0.68,0.67,0.24,3.28
1,2023-09-02 20:45:00,recyclable,0.84,0.1,0.33,0.24
1,2023-09-02 21:00:00,recyclable,1.11,0.56,0.72,35.59
2,2023-09-02 21:15:00,non_recyclable,1.3,0.25,0.33,24.24
1,2023-09-02 21:30:00,non_recyclable,1.01,0.35,0.47,16.55
3,2023-09-02 21:45:00,recyclable,1.3,0.09,0.99,1.18
3,2023-09-02 22:00:00,organic,0.94,0.22,0.06,38.41
2,2023-09-02 22:15:00,organic,0.85,0.59,0.55,81.05
3,2023-09-02 22:30:00,recyclable,0.97,0.08,0.6,53.11
2,2023-09-02 22:45:00,recyclable,1.38,0.97,0.67,92.72
4,2023-09-02 23:00:00,organic,1.07,0.23,0.76,62.39
4,2023-09-02 23:15:00,organic,1.07,0.12,0.18,75.09
3,2023-09-02 23:30:00,non_recyclable,1.23,0.95,0.27,56.32
3,2023-09-02 23:45:00,non_recyclable,1.1,0.04,0.1,6.06
2,2023-09-03 00:00:00,recyclable,0.61,1.0,0.56,74.48
1,2023-09-03 00:15:00,non_recyclable,0.87,0.08,0.66,80.78
4,2023-09-03 00:30:00,recyclable,1.24,0.09,0.79,58.8
4,2023-09-03 00:45:00,non_recyclable,1.09,0.84,0.92,75.79
1,2023-09-03 01:00:00,organic,0.92,0.21,0.8,6.83
3,2023-09-03 01:15:00,recyclable,1.16,0.2,0.52,3.33
4,2023-09-03 01:30:00,recyclable,1.01,0.29,0.12,18.37
2,2023-09-03 01:45:00,recyclable,0.62,0.54,0.12,71.97
2,2023-09-03 02:00:00,organic,0.61,0.05,0.59,2.45
1,2023-09-03 02:15:00,organic,1.19,0.83,0.37,51.93
4,2023-09-03 02:30:00,recyclable,0.79,0.49,0.13,14.06
4,2023-09-03 02:45:00,non_recyclable,0.81,0.9,0.33,90.29
4,2023-09-03 03:00:00,non_recyclable,1.38,0.12,0.64,48.49
2,2023-09-03 03:15:00,recyclable,1.15,0.04,0.87,24.57
3,2023-09-03 03:30:00,non_recyclable,1.23,0.55,0.23,61.86
4,2023-09-03 03:45:00,organic,1.29,0.55,0.38,15.28
2,2023-09-03 04:00:00,recyclable,0.65,0.02,0.54,96.74
4,2023-09-03 04:15:00,recyclable,0.71,0.97,0.09,58.45
1,2023-09-03 04:30:00,organic,0.81,0.97,0.06,28.67
1,2023-09-03 04:45:00,organic,1.26,0.6,0.42,85.21
1,2023-09-03 05:00:00,recyclable,1.21,0.59,0.19,77.59
4,2023-09-03 05:15:00,organic,1.26,0.42,0.04,91.69
3,2023-09-03 05:30:00,non_recyclable,0.71,0.56,0.49,82.76
3,2023-09-03 05:45:00,organic,1.13,0.15,0.11,13.74
3,2023-09-03 06:00:00,recyclable,1.07,0.44,0.76,71.5
2,2023-09-03 06:15:00,organic,0.96,0.5,0.37,31.96
1,2023-09-03 06:30:00,recyclable,1.2,0.47,0.19,46.54
3,2023-09-03 06:45:00,non_recyclable,1.27,0.71,0.34,5.47
4,2023-09-03 07:00:00,non_recyclable,0.88,0.63,0.16,4.42
3,2023-09-03 07:15:00,non_recyclable,0.94,0.08,0.37,79.65
3,2023-09-03 07:30:00,non_recyclable,1.33,0.71,0.99,92.65
4,2023-09-03 07:45:00,organic,0.78,0.62,0.59,79.07
4,2023-09-03 08:00:00,non_recyclable,0.86,0.26,0.72,90.28
2,2023-09-03 08:15:00,non_recyclable,0.77,0.57,0.8,63.94
1,2023-09-03 08:30:00,recyclable,1.01,0.03,0.07,49.83
1,2023-09-03 08:45:00,recyclable,0.97,0.81,0.36,14.11
2,2023-09-03 09:00:00,non_recyclable,0.81,0.14,0.31,20.81
2,2023-09-03 09:15:00,recyclable,1.08,0.63,0.61,1.01
3,2023-09-03 09:30:00,recyclable,1.38,0.83,0.42,58.01
2,2023-09-03 09:45:00,non_recyclable,0.74,0.47,0.41,93.54
1,2023-09-03 10:00:00,organic,1.02,0.88,0.75,95.53
2,2023-09-03 10:15:00,recyclable,0.81,0.76,0.36,74.8
2,2023-09-03 10:30:00,non_recyclable,1.23,0.38,0.96,36.08
3,2023-09-03 10:45:00,non_recyclable,1.14,0.73,0.23,35.98
4,2023-09-03 11:00:00,recyclable,1.09,0.03,0.38,49.72
2,2023-09-03 11:15:00,non_recyclable,0.68,0.35,0.43,88.24
2,2023-09-03 11:30:00,recyclable,1.29,0.19,0.28,27.81
3,2023-09-03 11:45:00,organic,1.11,0.19,0.22,1.31
2,2023-09-03 12:00:00,recyclable,1.13,0.49,0.29,35.98
4,2023-09-03 12:15:00,organic,0.95,0.71,0.44,30.43
2,2023-09-03 12:30:00,recyclable,0.79,0.47,0.21,71.55
2,2023-09-03 12:45:00,non_recyclable,0.76,0.72,0.99,39.4
2,2023-09-03 13:00:00,recyclable,1.29,0.35,0.27,44.7
4,2023-09-03 13:15:00,recyclable,0.74,0.53,0.5,14.54
2,2023-09-03 13:30:00,recyclable,0.69,0.94,1.0,62.17
1,2023-09-03 13:45:00,recyclable,0.88,0.12,0.54,35.57
2,2023-09-03 14:00:00,recyclable,0.76,0.99,0.42,38.01
1,2023-09-03 14:15:00,organic,1.13,0.39,0.44,24.48
3,2023-09-03 14:30:00,recyclable,0.93,0.6,0.68,82.53
2,2023-09-03 14:45:00,non_recyclable,0.8,0.97,0.63,31.15
1,2023-09-03 15:00:00,recyclable,1.19,0.83,0.11,69.07
2,2023-09-03 15:15:00,organic,0.98,0.61,0.2,7.66
4,2023-09-03 15:30:00,organic,0.73,0.92,0.21,60.53
1,2023-09-03 15:45:00,recyclable,0.64,0.45,0.73,94.32
1,2023-09-03 16:00:00,recyclable,1.01,0.13,0.4,91.04
3,2023-09-03 16:15:00,non_recyclable,1.26,0.06,0.58,58.46
3,2023-09-03 16:30:00,organic,1.28,0.96,0.81,72.21
4,2023-09-03 16:45:00,non_recyclable,0.81,0.19,0.11,57.33
1,2023-09-03 17:00:00,organic,1.26,0.07,0.76,1.58
2,2023-09-03 17:15:00,organic,1.26,0.1,0.49,90.22
1,2023-09-03 17:30:00,non_recyclable,1.17,0.44,0.4,91.49
4,2023-09-03 17:45:00,organic,1.05,0.65,0.07,20.44
1,2023-09-03 18:00:00,recyclable,0.79,0.27,0.28,39.07
1,2023-09-03 18:15:00,recyclable,0.7,0.7,0.89,49.3
1,2023-09-03 18:30:00,non_recyclable,1.3,0.77,0.94,77.87
3,2023-09-03 18:45:00,organic,1.12,0.18,0.79,35.08
2,2023-09-03 19:00:00,non_recyclable,0.93,0.48,0.48,18.19
4,2023-09-03 19:15:00,organic,0.7,0.76,0.96,3.75
4,2023-09-03 19:30:00,recyclable,1.13,0.39,0.71,39.29
1,2023-09-03 19:45:00,recyclable,1.03,0.13,0.22,60.15
1,2023-09-03 20:00:00,recyclable,0.86,0.98,0.95,2.98
1,2023-09-03 20:15:00,recyclable,0.65,0.74,0.22,79.88
3,2023-09-03 20:30:00,recyclable,0.71,0.27,0.46,42.94
1,2023-09-03 20:45:00,recyclable,1.19,0.04,0.49,45.73
2,2023-09-03 21:00:00,non_recyclable,0.98,0.14,0.03,99.03
2,2023-09-03 21:15:00,organic,0.72,0.65,0.45,33.26
1,2023-09-03 21:30:00,recyclable,1.08,0.8,0.12,39.33
1,2023-09-03 21:45:00,organic,1.29,0.83,0.69,81.51
4,2023-09-03 22:00:00,non_recyclable,0.93,0.23,0.84,97.93
3,2023-09-03 22:15:00,recyclable,1.21,0.79,0.43,78.1
4,2023-09-03 22:30:00,organic,1.22,0.75,0.82,27.78
2,2023-09-03 22:45:00,organic,0.6,0.71,0.73,20.68
3,2023-09-03 23:00:00,recyclable,0.61,0.45,0.41,37.65
4,2023-09-03 23:15:00,recyclable,0.65,0.54,0.87,71.71
4,2023-09-03 23:30:00,non_recyclable,1.26,0.85,0.25,73.9
1,2023-09-03 23:45:00,recyclable,1.38,0.27,0.46,54.5
3,2023-09-04 00:00:00,organic,1.23,0.82,0.22,72.41
3,2023-09-04 00:15:00,organic,0.87,0.3,0.37,63.61
2,2023-09-04 00:30:00,organic,1.03,0.4,0.3,32.54
2,2023-09-04 00:45:00,recyclable,0.65,0.89,0.58,68.32
1,2023-09-04 01:00:00,recyclable,1.37,0.48,0.44,68.99
2,2023-09-04 01:15:00,organic,0.81,0.84,0.63,94.3
3,2023-09-04 01:30:00,organic,0.67,0.32,0.65,36.59
4,2023-09-04 01:45:00,recyclable,0.65,0.63,0.15,40.25
1,2023-09-04 02:00:00,recyclable,0.87,0.27,0.98,43.79
3,2023-09-04 02:15:00,organic,0.61,0.97,0.88,11.07
4,2023-09-04 02:30:00,organic,0.63,0.7,0.64,66.47
1,2023-09-04 02:45:00,non_recyclable,0.66,0.33,0.02,75.32
3,2023-09-04 03:00:00,non_recyclable,0.84,0.39,0.85,74.84
1,2023-09-04 03:15:00,recyclable,0.92,0.67,0.88,59.86
1,2023-09-04 03:30:00,non_recyclable,0.77,0.64,0.23,11.82
1,2023-09-04 03:45:00,recyclable,0.82,0.87,0.54,55.48
2,2023-09-04 04:00:00,organic,1.15,0.3,0.27,78.95
3,2023-09-04 04:15:00,non_recyclable,0.65,0.03,0.6,33.56
4,2023-09-04 04:30:00,recyclable,1.31,0.62,0.93,56.76
4,2023-09-04 04:45:00,non_recyclable,1.04,0.3,0.0,54.72
2,2023-09-04 05:00:00,non_recyclable,1.26,0.31,0.66,16.59
1,2023-09-04 05:15:00,organic,0.74,0.45,0.9,33.68
3,2023-09-04 05:30:00,organic,0.86,0.88,0.76,57.47
1,2023-09-04 05:45:00,organic,0.94,0.65,0.61,38.88
2,2023-09-04 06:00:00,recyclable,1.33,0.07,0.19,10.88
3,2023-09-04 06:15:00,non_recyclable,1.3,0.89,0.24,23.38
4,2023-09-04 06:30:00,non_recyclable,0.6,0.25,0.8,52.08
2,2023-09-04 06:45:00,recyclable,1.06,0.35,0.48,21.68
4,2023-09-04 07:00:00,recyclable,1.14,0.33,0.78,34.71
4,2023-09-04 07:15:00,recyclable,1.09,0.88,0.66,5.44
2,2023-09-04 07:30:00,organic,0.85,0.39,0.94,37.21
2,2023-09-04 07:45:00,recyclable,1.07,0.14,0.67,27.56
3,2023-09-04 08:00:00,non_recyclable,1.3,0.05,0.24,42.18
2,2023-09-04 08:15:00,organic,0.85,0.47,0.84,44.64
1,2023-09-04 08:30:00,recyclable,0.63,0.27,0.84,93.78
3,2023-09-04 08:45:00,organic,1.03,0.42,0.17,92.76
3,2023-09-04 09:00:00,non_recyclable,1.1,0.8,0.57,88.34
3,2023-09-04 09:15:00,organic,0.64,0.65,0.88,31.15
3,2023-09-04 09:30:00,recyclable,0.99,0.46,0.33,58.76
1,2023-09-04 09:45:00,non_recyclable,0.81,0.37,0.91,66.49
4,2023-09-04 10:00:00,organic,0.87,0.64,0.48,46.57
2,2023-09-04 10:15:00,organic,0.66,0.01,0.72,44.55
1,2023-09-04 10:30:00,recyclable,1.36,0.37,0.33,2.75
4,2023-09-04 10:45:00,recyclable,1.14,0.95,0.79,45.04
3,2023-09-04 11:00:00,recyclable,0.77,0.61,0.98,94.8
1,2023-09-04 11:15:00,recyclable,1.33,0.77,0.23,82.77
4,2023-09-04 11:30:00,recyclable,1.06,0.82,0.49,16.7
1,2023-09-04 11:45:00,organic,1.36,0.56,0.9,54.88
4,2023-09-04 12:00:00,non_recyclable,0.73,0.05,0.64,90.26
3,2023-09-04 12:15:00,recyclable,1.38,0.91,0.15,27.94
4,2023-09-04 12:30:00,non_recyclable,1.28,0.92,0.18,35.66
3,2023-09-04 12:45:00,non_recyclable,0.98,0.03,0.54,23.35
2,2023-09-04 13:00:00,non_recyclable,0.9,0.53,0.32,0.2
2,2023-09-04 13:15:00,recyclable,0.65,0.06,0.14,52.66
1,2023-09-04 13:30:00,recyclable,1.24,0.45,0.76,9.77
1,2023-09-04 13:45:00,organic,0.64,0.44,0.77,69.4
2,2023-09-04 14:00:00,recyclable,1.24,0.81,0.07,72.48
2,2023-09-04 14:15:00,recyclable,0.89,0.25,0.17,19.82
1,2023-09-04 14:30:00,recyclable,1.39,0.89,0.2,61.39
4,2023-09-04 14:45:00,organic,1.02,0.23,0.8,68.05
3,2023-09-04 15:00:00,recyclable,0.91,0.15,0.14,91.34
2,2023-09-04 15:15:00,organic,0.8,0.47,0.56,45.85
2,2023-09-04 15:30:00,organic,0.71,0.24,0.34,48.93
3,2023-09-04 15:45:00,recyclable,0.92,0.89,0.94,2.18
3,2023-09-04 16:00:00,recyclable,1.18,0.94,0.05,23.29
3,2023-09-04 16:15:00,recyclable,1.16,0.38,0.06,19.04
2,2023-09-04 16:30:00,organic,1.4,0.46,0.92,95.72
1,2023-09-04 16:45:00,recyclable,0.67,0.62,0.1,80.5
2,2023-09-04 17:00:00,organic,0.98,0.51,0.14,45.99
2,2023-09-04 17:15:00,recyclable,1.26,0.91,0.71,72.77
4,2023-09-04 17:30:00,organic,1.31,0.08,0.37,20.54
4,2023-09-04 17:45:00,non_recyclable,0.64,0.46,0.46,55.47
3,2023-09-04 18:00:00,recyclable,0.84,0.42,0.99,53.81
1,2023-09-04 18:15:00,non_recyclable,1.32,0.02,0.97,86.58
1,2023-09-04 18:30:00,recyclable,1.18,0.24,0.46,9.35
3,2023-09-04 18:45:00,organic,0.78,0.49,0.93,4.3
1,2023-09-04 19:00:00,non_recyclable,1.13,0.51,0.25,58.91
3,2023-09-04 19:15:00,non_recyclable,0.88,0.57,0.6,4.63
1,2023-09-04 19:30:00,non_recyclable,1.24,0.38,0.47,86.56
2,2023-09-04 19:45:00,recyclable,0.81,0.04,0.99,71.03
1,2023-09-04 20:00:00,organic,1.11,0.18,0.57,43.93
2,2023-09-04 20:15:00,organic,1.1,0.78,0.48,83.25
2,2023-09-04 20:30:00,non_recyclable,0.77,0.46,0.62,78.28
4,2023-09-04 20:45:00,recyclable,1.38,0.64,0.33,31.65
2,2023-09-04 21:00:00,recyclable,1.38,0.12,0.45,50.2
1,2023-09-04 21:15:00,recyclable,0.7,0.35,0.07,53.25
4,2023-09-04 21:30:00,organic,0.92,0.8,0.43,9.91
4,2023-09-04 21:45:00,recyclable,1.28,0.09,0.83,12.78
2,2023-09-04 22:00:00,non_recyclable,0.94,0.22,0.06,79.84
2,2023-09-04 22:15:00,non_recyclable,0.94,0.58,0.71,7.99
1,2023-09-04 22:30:00,organic,0.87,0.79,0.98,86.67
2,2023-09-04 22:45:00,non_recyclable,1.28,0.3,0.84,62.9
1,2023-09-04 23:00:00,non_recyclable,0.92,0.31,0.48,1.16
4,2023-09-04 23:15:00,recyclable,0.71,0.1,0.46,62.44
1,2023-09-04 23:30:00,non_recyclable,1.21,0.31,0.96,26.04
3,2023-09-04 23:45:00,organic,0.72,0.26,0.49,45.21
2,2023-09-05 00:00:00,non_recyclable,0.88,0.65,0.69,70.66
2,2023-09-05 00:15:00,non_recyclable,1.25,0.57,0.03,55.34
4,2023-09-05 00:30:00,organic,1.1,0.39,0.35,70.23
4,2023-09-05 00:45:00,organic,1.37,0.26,0.66,82.99
4,2023-09-05 01:00:00,recyclable,0.88,0.14,0.53,74.51
1,2023-09-05 01:15:00,non_recyclable,0.82,0.57,0.52,6.87
3,2023-09-05 01:30:00,non_recyclable,0.64,0.91,0.01,60.39
3,2023-09-05 01:45:00,organic,0.66,0.56,0.23,21.07
4,2023-09-05 02:00:00,organic,0.9,0.16,0.24,39.8
3,2023-09-05 02:15:00,recyclable,1.18,0.74,0.15,3.0
2,2023-09-05 02:30:00,organic,0.74,0.67,0.35,0.58
4,2023-09-05 02:45:00,non_recyclable,0.66,0.89,0.93,10.73
2,2023-09-05 03:00:00,organic,1.24,0.75,0.38,17.11
1,2023-09-05 03:15:00,non_recyclable,0.82,0.07,0.69,82.22
1,2023-09-05 03:30:00,non_recyclable,0.86,0.01,0.3,65.03
2,2023-09-05 03:45:00,non_recyclable,1.18,0.81,0.7,39.49
1,2023-09-05 04:00:00,recyclable,1.0,0.73,0.01,36.16
3,2023-09-05 04:15:00,organic,0.96,0.95,0.98,10.41
3,2023-09-05 04:30:00,recyclable,1.39,0.75,0.14,92.85
4,2023-09-05 04:45:00,organic,0.93,0.08,0.03,73.26
1,2023-09-05 05:00:00,non_recyclable,0.73,0.88,0.98,88.85
1,2023-09-05 05:15:00,non_recyclable,1.01,0.53,0.14,83.98
3,2023-09-05 05:30:00,non_recyclable,1.32,0.91,0.94,19.1
1,2023-09-05 05:45:00,non_recyclable,0.89,0.16,0.61,32.88
1,2023-09-05 06:00:00,recyclable,1.19,0.43,0.67,11.01
4,2023-09-05 06:15:00,organic,1.02,0.16,0.2,81.37
2,2023-09-05 06:30:00,organic,1.31,0.72,0.59,89.46
4,2023-09-05 06:45:00,organic,0.68,0.2,0.48,60.29
2,2023-09-05 07:00:00,organic,0.7,0.97,1.0,52.27
4,2023-09-05 07:15:00,organic,1.35,0.96,0.55,22.37
1,2023-09-05 07:30:00,organic,1.33,0.25,0.01,82.89
3,2023-09-05 07:45:00,recyclable,1.24,0.95,0.84,34.16
2,2023-09-05 08:00:00,organic,0.79,0.27,0.09,52.82
4,2023-09-05 08:15:00,recyclable,0.79,0.84,0.54,45.55
2,2023-09-05 08:30:00,non_recyclable,0.95,0.23,0.9,93.71
4,2023-09-05 08:45:00,non_recyclable,1.26,0.09,0.32,15.39
4,2023-09-05 09:00:00,non_recyclable,1.18,0.57,0.13,28.09
4,2023-09-05 09:15:00,organic,1.2,0.64,0.73,58.6
4,2023-09-05 09:30:00,recyclable,1.06,0.4,0.85,98.49
2,2023-09-05 09:45:00,non_recyclable,0.77,0.94,0.0,69.26
1,2023-09-05 10:00:00,recyclable,1.03,0.74,0.46,39.96
3,2023-09-05 10:15:00,organic,0.84,0.26,0.91,70.22
3,2023-09-05 10:30:00,organic,1.15,0.53,0.26,38.98
4,2023-09-05 10:45:00,organic,0.99,0.23,0.05,94.93
4,2023-09-05 11:00:00,organic,1.23,0.52,0.84,96.16
1,2023-09-05 11:15:00,organic,1.03,0.52,0.22,41.14
4,2023-09-05 11:30:00,organic,1.35,0.96,0.39,17.81
2,2023-09-05 11:45:00,organic,0.95,0.37,0.88,75.47
2,2023-09-05 12:00:00,non_recyclable,1.15,0.77,0.19,15.99
2,2023-09-05 12:15:00,recyclable,0.61,0.29,0.52,85.49
1,2023-09-05 12:30:00,recyclable,0.66,0.81,0.34,69.13
4,2023-09-05 12:45:00,organic,1.12,0.02,0.13,26.96
2,2023-09-05 13:00:00,recyclable,0.92,0.82,0.95,58.53
1,2023-09-05 13:15:00,recyclable,0.72,0.92,0.96,16.65
3,2023-09-05 13:30:00,organic,0.78,0.06,0.94,43.14
2,2023-09-05 13:45:00,recyclable,0.75,0.22,0.37,68.65
4,2023-09-05 14:00:00,non_recyclable,0.9,0.05,0.41,64.38
3,2023-09-05 14:15:00,organic,0.89,0.53,0.67,43.94
3,2023-09-05 14:30:00,organic,0.92,0.78,0.74,40.13
3,2023-09-05 14:45:00,organic,0.74,0.74,0.16,64.82
1,2023-09-05 15:00:00,organic,1.06,0.41,0.69,53.73
3,2023-09-05 15:15:00,organic,0.69,0.9,0.41,6.21
4,2023-09-05 15:30:00,recyclable,0.85,0.82,0.99,39.71
3,2023-09-05 15:45:00,recyclable,1.17,0.63,0.2,8.76
3,2023-09-05 16:00:00,recyclable,1.26,0.37,0.92,93.42
1,2023-09-05 16:15:00,organic,1.33,0.52,0.14,45.44
4,2023-09-05 16:30:00,non_recyclable,1.22,0.73,0.13,95.52
2,2023-09-05 16:45:00,organic,1.14,0.33,0.26,85.94
4,2023-09-05 17:00:00,recyclable,1.29,0.58,0.28,1.3
3,2023-09-05 17:15:00,organic,0.75,0.77,0.96,29.3
2,2023-09-05 17:30:00,recyclable,0.93,0.25,0.29,98.39
3,2023-09-05 17:45:00,organic,0.68,0.9,0.88,63.99
1,2023-09-05 18:00:00,recyclable,1.2,0.77,0.91,37.78
3,2023-09-05 18:15:00,non_recyclable,1.11,0.51,0.33,74.04
3,2023-09-05 18:30:00,organic,0.99,0.63,0.69,35.43
3,2023-09-05 18:45:00,organic,0.62,0.6,0.68,38.17
4,2023-09-05 19:00:00,recyclable,1.07,0.93,0.55,76.43
4,2023-09-05 19:15:00,organic,0.88,0.65,0.09,63.23
1,2023-09-05 19:30:00,organic,0.67,0.54,0.61,52.33
2,2023-09-05 19:45:00,non_recyclable,0.79,0.83,0.35,3.8
3,2023-09-05 20:00:00,non_recyclable,0.75,0.58,0.76,10.3
2,2023-09-05 20:15:00,non_recyclable,0.75,0.77,0.47,17.07
3,2023-09-05 20:30:00,non_recyclable,0.91,0.22,0.92,49.4
3,2023-09-05 20:45:00,organic,0.7,0.59,0.18,1.28
3,2023-09-05 21:00:00,non_recyclable,1.01,0.27,0.76,13.09
3,2023-09-05 21:15:00,recyclable,0.99,0.58,0.44,23.51
1,2023-09-05 21:30:00,non_recyclable,1.33,0.64,0.24,1.51
2,2023-09-05 21:45:00,non_recyclable,0.74,0.87,0.73,86.64
2,2023-09-05 22:00:00,recyclable,0.78,0.09,0.03,18.78
3,2023-09-05 22:15:00,non_recyclable,1.01,0.19,0.9,22.51
1,2023-09-05 22:30:00,non_recyclable,1.3,0.54,0.22,19.46
2,2023-09-05 22:45:00,organic,0.77,0.75,0.16,72.98
1,2023-09-05 23:00:00,organic,1.19,0.08,0.92,15.68
1,2023-09-05 23:15:00,non_recyclable,0.65,0.27,0.58,83.38
4,2023-09-05 23:30:00,organic,1.28,0.04,0.12,44.72
4,2023-09-05 23:45:00,organic,1.03,0.73,0.1,23.78
4,2023-09-06 00:00:00,non_recyclable,1.36,0.26,0.3,39.36
2,2023-09-06 00:15:00,organic,0.92,0.45,0.14,12.63
2,2023-09-06 00:30:00,organic,1.31,0.02,0.84,61.11
3,2023-09-06 00:45:00,recyclable,0.86,0.72,0.23,12.83
2,2023-09-06 01:00:00,organic,0.76,0.98,0.17,93.08
1,2023-09-06 01:15:00,recyclable,0.82,0.03,0.97,32.88
2,2023-09-06 01:30:00,recyclable,0.79,0.61,0.12,80.39
4,2023-09-06 01:45:00,non_recyclable,1.1,0.05,0.19,58.47
3,2023-09-06 02:00:00,non_recyclable,1.04,0.12,0.72,74.7
1,2023-09-06 02:15:00,non_recyclable,1.01,0.66,0.88,47.31
3,2023-09-06 02:30:00,recyclable,1.3,0.21,0.02,94.8
1,2023-09-06 02:45:00,organic,1.1,0.01,0.34,94.15
1,2023-09-06 03:00:00,recyclable,0.65,0.59,0.87,30.72
3,2023-09-06 03:15:00,organic,0.68,0.7,0.29,80.36
3,2023-09-06 03:30:00,recyclable,1.12,0.97,0.32,65.52
1,2023-09-06 03:45:00,organic,1.12,0.64,0.49,27.46
2,2023-09-06 04:00:00,recyclable,1.2,0.71,0.01,98.42
1,2023-09-06 04:15:00,organic,0.61,0.89,0.81,33.58
3,2023-09-06 04:30:00,recyclable,0.75,0.44,0.29,25.38
3,2023-09-06 04:45:00,non_recyclable,1.13,0.17,0.26,22.55
1,2023-09-06 05:00:00,organic,1.2,0.88,0.22,4.05
2,2023-09-06 05:15:00,non_recyclable,0.88,0.91,0.97,59.57
2,2023-09-06 05:30:00,non_recyclable,0.91,0.82,0.52,67.13
4,2023-09-06 05:45:00,organic,0.65,0.92,0.4,71.83
4,2023-09-06 06:00:00,non_recyclable,0.86,0.36,0.08,31.18
4,2023-09-06 06:15:00,non_recyclable,0.85,0.52,0.87,24.55
3,2023-09-06 06:30:00,recyclable,0.62,0.12,0.98,36.95
1,2023-09-06 06:45:00,recyclable,1.12,0.65,0.98,26.21
1,2023-09-06 07:00:00,non_recyclable,1.06,0.93,0.99,42.58
4,2023-09-06 07:15:00,non_recyclable,1.13,0.72,0.88,32.15
2,2023-09-06 07:30:00,non_recyclable,1.36,0.79,0.82,68.24
2,2023-09-06 07:45:00,non_recyclable,0.74,0.73,0.94,6.16
2,2023-09-06 08:00:00,organic,0.62,0.23,0.73,55.93
3,2023-09-06 08:15:00,organic,1.18,0.73,0.17,23.78
4,2023-09-06 08:30:00,recyclable,1.16,0.72,0.45,3.4
4,2023-09-06 08:45:00,organic,0.85,0.03,0.24,65.78
3,2023-09-06 09:00:00,organic,1.15,0.27,0.54,96.26
1,2023-09-06 09:15:00,organic,1.32,0.56,0.98,7.48
1,2023-09-06 09:30:00,recyclable,1.34,0.23,0.83,57.26
4,2023-09-06 09:45:00,organic,1.18,0.92,0.21,10.72
4,2023-09-06 10:00:00,recyclable,0.92,0.79,0.27,5.68
2,2023-09-06 10:15:00,organic,1.14,0.61,0.65,54.67
2,2023-09-06 10:30:00,recyclable,1.11,0.89,0.35,96.29
2,2023-09-06 10:45:00,non_recyclable,1.11,0.23,0.06,48.47
2,2023-09-06 11:00:00,non_recyclable,0.7,0.84,0.76,44.47
2,2023-09-06 11:15:00,recyclable,0.91,0.4,0.39,1.52
4,2023-09-06 11:30:00,organic,1.12,0.31,0.1,22.79
4,2023-09-06 11:45:00,recyclable,0.77,0.78,0.04,66.19
1,2023-09-06 12:00:00,recyclable,0.7,0.81,0.5,29.98
4,2023-09-06 12:15:00,organic,0.95,1.0,0.28,81.62
3,2023-09-06 12:30:00,non_recyclable,0.96,0.09,0.61,31.17
2,2023-09-06 12:45:00,recyclable,1.33,0.7,0.57,43.82
3,2023-09-06 13:00:00,recyclable,0.66,0.36,0.31,26.66
4,2023-09-06 13:15:00,organic,1.25,0.63,0.39,94.54
2,2023-09-06 13:30:00,organic,1.04,0.09,0.31,68.92
1,2023-09-06 13:45:00,non_recyclable,0.95,0.7,0.87,35.9
3,2023-09-06 14:00:00,recyclable,0.86,0.47,0.51,50.77
2,2023-09-06 14:15:00,recyclable,1.17,0.43,0.67,8.33
2,2023-09-06 14:30:00,organic,0.77,0.39,0.9,32.75
3,2023-09-06 14:45:00,recyclable,1.23,0.85,0.73,26.63
4,2023-09-06 15:00:00,organic,1.36,0.8,0.96,42.48
4,2023-09-06 15:15:00,recyclable,1.2,0.48,0.84,22.35
3,2023-09-06 15:30:00,non_recyclable,1.03,0.98,0.31,98.14
3,2023-09-06 15:45:00,organic,1.27,0.66,0.24,93.55
1,2023-09-06 16:00:00,organic,1.2,0.36,0.01,42.75
4,2023-09-06 16:15:00,non_recyclable,1.17,0.4,0.73,75.23
4,2023-09-06 16:30:00,non_recyclable,0.61,0.3,0.65,38.54
4,2023-09-06 16:45:00,organic,1.15,0.39,0.03,25.31
1,2023-09-06 17:00:00,organic,0.96,0.07,0.44,17.69
4,2023-09-06 17:15:00,non_recyclable,1.23,0.61,0.07,97.89
2,2023-09-06 17:30:00,non_recyclable,1.2,0.72,0.87,23.2
2,2023-09-06 17:45:00,non_recyclable,0.7,0.74,0.65,3.37
2,2023-09-06 18:00:00,non_recyclable,1.1,0.49,0.89,34.21
2,2023-09-06 18:15:00,non_recyclable,0.89,0.37,0.54,41.78
1,2023-09-06 18:30:00,organic,1.05,0.57,0.9,99.7
3,2023-09-06 18:45:00,organic,0.67,0.9,0.61,41.07
1,2023-09-06 19:00:00,organic,1.35,0.06,0.42,52.17
3,2023-09-06 19:15:00,recyclable,1.29,0.69,0.3,25.3
4,2023-09-06 19:30:00,non_recyclable,1.34,0.89,0.98,60.15
2,2023-09-06 19:45:00,non_recyclable,0.84,0.58,0.2,47.09
1,2023-09-06 20:00:00,recyclable,1.1,0.03,0.78,89.48
3,2023-09-06 20:15:00,recyclable,1.23,0.37,0.87,29.52
4,2023-09-06 20:30:00,recyclable,1.29,0.24,0.8,82.09
4,2023-09-06 20:45:00,organic,1.19,0.98,0.65,95.39
1,2023-09-06 21:00:00,recyclable,0.72,0.03,0.79,59.96
2,2023-09-06 21:15:00,non_recyclable,0.75,0.27,0.16,87.57
4,2023-09-06 21:30:00,non_recyclable,0.95,0.54,0.73,54.51
2,2023-09-06 21:45:00,recyclable,1.32,0.98,0.63,32.66
2,2023-09-06 22:00:00,recyclable,1.06,0.02,0.67,75.71
2,2023-09-06 22:15:00,organic,0.92,0.19,0.2,97.98
2,2023-09-06 22:30:00,recyclable,1.09,0.58,0.69,57.38
2,2023-09-06 22:45:00,organic,0.83,0.13,0.74,51.86
3,2023-09-06 23:00:00,non_recyclable,1.26,0.92,0.96,12.94
4,2023-09-06 23:15:00,organic,0.91,0.02,0.03,53.13
4,2023-09-06 23:30:00,organic,1.26,0.76,0.39,54.05
1,2023-09-06 23:45:00,organic,1.11,0.07,0.68,12.29
4,2023-09-07 00:00:00,recyclable,0.91,0.15,0.64,35.82
4,2023-09-07 00:15:00,non_recyclable,0.69,0.6,0.0,98.68
4,2023-09-07 00:30:00,non_recyclable,0.81,0.94,0.94,85.52
2,2023-09-07 00:45:00,recyclable,1.38,0.51,0.03,42.09
1,2023-09-07 01:00:00,organic,1.27,0.29,0.19,92.08
4,2023-09-07 01:15:00,non_recyclable,0.68,0.64,0.54,15.0
1,2023-09-07 01:30:00,organic,1.22,0.09,0.73,9.31
1,2023-09-07 01:45:00,organic,1.25,0.4,0.86,89.07
4,2023-09-07 02:00:00,organic,0.64,0.78,0.89,16.86
1,2023-09-07 02:15:00,organic,1.15,0.73,0.64,8.79
1,2023-09-07 02:30:00,organic,0.71,0.61,0.24,97.91
3,2023-09-07 02:45:00,non_recyclable,1.16,0.57,0.59,88.62
4,2023-09-07 03:00:00,non_recyclable,0.77,0.09,0.36,76.26
4,2023-09-07 03:15:00,organic,0.75,0.9,0.55,27.22
2,2023-09-07 03:30:00,non_recyclable,1.19,0.7,0.04,47.11
4,2023-09-07 03:45:00,recyclable,0.86,0.06,0.45,15.46
4,2023-09-07 04:00:00,non_recyclable,1.01,0.15,0.9,14.14
4,2023-09-07 04:15:00,organic,0.73,0.23,0.18,20.61
3,2023-09-07 04:30:00,recyclable,1.04,0.82,0.34,86.09
2,2023-09-07 04:45:00,non_recyclable,0.65,0.68,0.77,80.17
2,2023-09-07 05:00:00,organic,1.25,0.08,0.6,50.65
3,2023-09-07 05:15:00,non_recyclable,1.07,0.02,0.54,19.59
1,2023-09-07 05:30:00,recyclable,1.1,0.03,0.67,18.91
4,2023-09-07 05:45:00,recyclable,0.7,0.17,0.44,68.15
1,2023-09-07 06:00:00,organic,0.84,0.54,0.63,14.16
1,2023-09-07 06:15:00,recyclable,1.21,0.38,0.53,24.24
3,2023-09-07 06:30:00,recyclable,0.86,0.29,0.14,84.84
2,2023-09-07 06:45:00,recyclable,1.11,0.78,0.02,24.5
4,2023-09-07 07:00:00,recyclable,1.23,0.23,0.4,6.8
1,2023-09-07 07:15:00,organic,1.26,0.39,0.26,86.04
4,2023-09-07 07:30:00,recyclable,0.79,0.05,0.3,91.57
3,2023-09-07 07:45:00,recyclable,1.15,0.99,0.13,7.97
3,2023-09-07 08:00:00,recyclable,1.0,0.97,0.8,6.47
3,2023-09-07 08:15:00,non_recyclable,0.9,0.75,0.99,19.46
4,2023-09-07 08:30:00,non_recyclable,1.1,0.43,0.91,26.72
3,2023-09-07 08:45:00,non_recyclable,1.1,0.63,0.83,59.93
4,2023-09-07 09:00:00,organic,0.65,0.13,0.89,89.52
3,2023-09-07 09:15:00,recyclable,1.3,0.18,0.31,25.43
3,2023-09-07 09:30:00,recyclable,0.72,0.84,0.27,21.91
2,2023-09-07 09:45:00,non_recyclable,1.31,0.61,0.49,24.46
2,2023-09-07 10:00:00,recyclable,1.07,0.37,0.5,1.14
2,2023-09-07 10:15:00,recyclable,1.04,1.0,0.24,29.92
2,2023-09-07 10:30:00,non_recyclable,0.88,0.35,0.07,15.56
1,2023-09-07 10:45:00,non_recyclable,0.63,0.12,0.94,29.58
1,2023-09-07 11:00:00,non_recyclable,1.13,0.38,0.37,21.86
2,2023-09-07 11:15:00,recyclable,1.19,0.52,0.96,9.78
2,2023-09-07 11:30:00,organic,1.32,0.55,0.79,31.44
1,2023-09-07 11:45:00,recyclable,1.3,0.72,0.5,32.61
1,2023-09-07 12:00:00,recyclable,1.08,0.55,0.36,70.78
2,2023-09-07 12:15:00,non_recyclable,1.1,0.06,0.69,25.63
2,2023-09-07 12:30:00,non_recyclable,0.89,0.62,0.49,48.14
4,2023-09-07 12:45:00,non_recyclable,1.2,0.84,0.86,94.08
3,2023-09-07 13:00:00,recyclable,1.18,0.21,0.82,63.04
3,2023-09-07 13:15:00,organic,0.7,0.2,0.97,29.74
4,2023-09-07 13:30:00,non_recyclable,1.21,0.02,0.78,72.07
3,2023-09-07 13:45:00,recyclable,1.01,0.2,0.08,1.43
3,2023-09-07 14:00:00,non_recyclable,1.19,0.15,0.44,90.24
3,2023-09-07 14:15:00,organic,1.17,0.56,0.01,64.52
1,2023-09-07 14:30:00,non_recyclable,0.63,0.17,0.38,42.95
2,2023-09-07 14:45:00,recyclable,1.17,0.31,0.96,91.78
2,2023-09-07 15:00:00,organic,0.82,0.38,0.8,99.46
4,2023-09-07 15:15:00,organic,1.02,0.88,0.03,30.75
4,2023-09-07 15:30:00,recyclable,1.09,0.47,0.82,85.05
4,2023-09-07 15:45:00,organic,0.88,0.14,0.63,49.12
2,2023-09-07 16:00:00,recyclable,0.96,0.29,0.44,91.81
3,2023-09-07 16:15:00,non_recyclable,0.92,0.1,0.64,16.56
1,2023-09-07 16:30:00,non_recyclable,0.64,0.6,0.99,85.95
1,2023-09-07 16:45:00,non_recyclable,1.13,0.76,0.1,43.03
2,2023-09-07 17:00:00,non_recyclable,0.8,0.24,0.44,76.31
3,2023-09-07 17:15:00,recyclable,0.67,0.45,0.51,36.0
2,2023-09-07 17:30:00,non_recyclable,0.84,0.2,0.37,77.94
3,2023-09-07 17:45:00,non_recyclable,1.37,0.53,0.56,62.87
2,2023-09-07 18:00:00,organic,0.65,0.5,0.95,86.96
2,2023-09-07 18:15:00,non_recyclable,0.91,0.35,0.45,57.41
1,2023-09-07 18:30:00,organic,0.61,0.79,0.69,82.68
4,2023-09-07 18:45:00,organic,1.04,0.16,0.98,50.68
2,2023-09-07 19:00:00,non_recyclable,0.72,0.37,0.41,88.03
2,2023-09-07 19:15:00,recyclable,1.29,0.66,0.92,55.08
4,2023-09-07 19:30:00,organic,1.18,0.23,0.4,87.71
4,2023-09-07 19:45:00,non_recyclable,0.81,0.2,0.82,60.74
3,2023-09-07 20:00:00,non_recyclable,1.04,0.34,0.11,27.49
1,2023-09-07 20:15:00,non_recyclable,0.73,0.53,0.14,3.58
2,2023-09-07 20:30:00,non_recyclable,1.04,0.8,0.61,73.94
3,2023-09-07 20:45:00,non_recyclable,1.32,0.29,0.95,40.5
2,2023-09-07 21:00:00,organic,1.32,0.46,0.82,77.89
1,2023-09-07 21:15:00,non_recyclable,0.91,0.47,0.72,63.43
4,2023-09-07 21:30:00,recyclable,0.9,0.42,0.71,24.54
1,2023-09-07 21:45:00,non_recyclable,1.35,0.1,0.75,56.26
3,2023-09-07 22:00:00,non_recyclable,0.61,0.33,0.74,2.58
4,2023-09-07 22:15:00,recyclable,1.03,0.39,0.41,88.02
1,2023-09-07 22:30:00,recyclable,0.6,0.72,0.72,82.57
1,2023-09-07 22:45:00,non_recyclable,1.33,0.68,0.58,30.61
3,2023-09-07 23:00:00,non_recyclable,0.91,0.21,0.96,68.21
2,2023-09-07 23:15:00,non_recyclable,1.27,0.1,0.91,28.81
3,2023-09-07 23:30:00,organic,0.7,1.0,0.88,11.27
4,2023-09-07 23:45:00,non_recyclable,0.9,0.56,0.07,54.37
2,2023-09-08 00:00:00,non_recyclable,0.87,0.87,0.61,26.4
4,2023-09-08 00:15:00,recyclable,1.1,0.02,0.75,45.7
1,2023-09-08 00:30:00,recyclable,1.35,0.72,0.5,92.3
2,2023-09-08 00:45:00,organic,1.15,0.8,0.71,21.58
4,2023-09-08 01:00:00,non_recyclable,1.24,0.66,0.53,8.67
2,2023-09-08 01:15:00,non_recyclable,0.62,0.33,0.53,22.14
3,2023-09-08 01:30:00,organic,0.96,0.15,0.91,66.87
2,2023-09-08 01:45:00,non_recyclable,0.87,0.04,0.99,25.76
4,2023-09-08 02:00:00,organic,0.93,0.46,0.35,93.27
4,2023-09-08 02:15:00,non_recyclable,1.19,0.14,0.93,6.25
4,2023-09-08 02:30:00,non_recyclable,1.19,0.36,0.12,33.17
1,2023-09-08 02:45:00,non_recyclable,1.32,0.2,0.86,78.6
4,2023-09-08 03:00:00,non_recyclable,1.07,0.05,0.97,46.91
1,2023-09-08 03:15:00,recyclable,0.96,0.45,0.99,80.59
4,2023-09-08 03:30:00,organic,1.14,0.43,0.04,13.51
4,2023-09-08 03:45:00,non_recyclable,0.86,0.16,0.85,99.74
1,2023-09-08 04:00:00,recyclable,1.4,0.06,0.83,44.96
3,2023-09-08 04:15:00,recyclable,1.36,0.05,0.75,49.4
2,2023-09-08 04:30:00,recyclable,0.69,0.14,0.42,78.45
2,2023-09-08 04:45:00,organic,0.63,0.64,0.82,13.35
2,2023-09-08 05:00:00,non_recyclable,1.05,0.27,0.98,70.87
2,2023-09-08 05:15:00,non_recyclable,1.4,0.14,0.06,29.84
3,2023-09-08 05:30:00,organic,1.37,0.67,0.6,4.84
1,2023-09-08 05:45:00,non_recyclable,1.03,0.14,0.37,18.47
1,2023-09-08 06:00:00,recyclable,1.12,0.35,0.77,23.52
1,2023-09-08 06:15:00,organic,0.9,0.26,0.39,44.99
3,2023-09-08 06:30:00,non_recyclable,0.85,0.12,0.26,51.26
4,2023-09-08 06:45:00,non_recyclable,1.34,0.72,0.19,59.66
1,2023-09-08 07:00:00,recyclable,0.92,0.32,0.46,79.77
1,2023-09-08 07:15:00,recyclable,1.28,0.6,0.29,24.16
3,2023-09-08 07:30:00,recyclable,0.75,0.17,0.74,87.96
3,2023-09-08 07:45:00,organic,0.75,0.54,0.77,34.86
1,2023-09-08 08:00:00,organic,0.71,0.99,0.17,55.1
1,2023-09-08 08:15:00,non_recyclable,1.37,0.92,0.4,86.03
1,2023-09-08 08:30:00,organic,1.24,0.08,0.48,55.25
1,2023-09-08 08:45:00,organic,0.61,0.72,0.07,62.65
4,2023-09-08 09:00:00,non_recyclable,0.79,0.68,0.97,10.32
4,2023-09-08 09:15:00,recyclable,0.99,0.12,0.67,87.8
2,2023-09-08 09:30:00,non_recyclable,1.23,0.19,0.21,66.98
3,2023-09-08 09:45:00,recyclable,0.67,0.01,0.35,2.34
3,2023-09-08 10:00:00,organic,1.3,0.14,0.35,39.83
2,2023-09-08 10:15:00,recyclable,0.99,0.58,0.26,73.04
4,2023-09-08 10:30:00,recyclable,1.33,0.73,0.33,41.98
2,2023-09-08 10:45:00,organic,1.17,0.34,0.6,0.09
4,2023-09-08 11:00:00,recyclable,0.91,0.56,0.63,18.38
1,2023-09-08 11:15:00,recyclable,0.98,0.27,0.17,47.21
3,2023-09-08 11:30:00,non_recyclable,1.34,0.45,0.25,32.9
4,2023-09-08 11:45:00,organic,0.63,0.88,0.17,99.07
2,2023-09-08 12:00:00,organic,0.65,0.59,0.04,36.52
3,2023-09-08 12:15:00,recyclable,1.2,0.54,0.04,2.35
4,2023-09-08 12:30:00,non_recyclable,1.02,0.09,0.15,53.08
1,2023-09-08 12:45:00,recyclable,1.26,0.32,0.97,70.56
1,2023-09-08 13:00:00,organic,0.86,0.42,0.03,48.14
2,2023-09-08 13:15:00,organic,0.77,0.76,0.17,73.64
2,2023-09-08 13:30:00,organic,1.23,0.65,0.05,36.77
1,2023-09-08 13:45:00,recyclable,1.31,0.09,0.61,36.36
2,2023-09-08 14:00:00,non_recyclable,0.61,0.16,0.21,69.27
1,2023-09-08 14:15:00,organic,0.98,0.6,0.33,87.78
1,2023-09-08 14:30:00,organic,0.86,0.7,0.89,47.02
1,2023-09-08 14:45:00,organic,0.63,0.44,0.04,23.11
4,2023-09-08 15:00:00,non_recyclable,0.97,0.92,0.56,49.37
3,2023-09-08 15:15:00,organic,1.08,0.59,0.37,66.37
4,2023-09-08 15:30:00,organic,0.63,0.55,0.25,43.27
2,2023-09-08 15:45:00,recyclable,1.22,0.01,0.47,8.81
1,2023-09-08 16:00:00,non_recyclable,1.27,0.21,0.92,75.74
3,2023-09-08 16:15:00,organic,1.12,0.18,0.5,57.8
1,2023-09-08 16:30:00,recyclable,0.71,0.81,0.51,48.32
3,2023-09-08 16:45:00,recyclable,1.11,0.58,0.82,6.55
1,2023-09-08 17:00:00,recyclable,1.13,0.46,0.4,4.21
1,2023-09-08 17:15:00,non_recyclable,0.94,0.61,0.82,22.83
3,2023-09-08 17:30:00,non_recyclable,0.94,0.15,0.21,96.37
1,2023-09-08 17:45:00,non_recyclable,0.71,0.71,0.7,36.16
1,2023-09-08 18:00:00,recyclable,1.02,0.23,0.3,27.75
3,2023-09-08 18:15:00,non_recyclable,0.9,0.51,0.81,7.98
1,2023-09-08 18:30:00,organic,0.7,0.46,0.24,29.78
3,2023-09-08 18:45:00,recyclable,1.28,0.02,0.91,31.6
2,2023-09-08 19:00:00,non_recyclable,0.8,0.26,0.79,29.11
2,2023-09-08 19:15:00,recyclable,1.18,0.8,0.39,65.22
3,2023-09-08 19:30:00,organic,0.94,0.21,0.98,78.03
4,2023-09-08 19:45:00,recyclable,0.71,0.95,1.0,19.2
4,2023-09-08 20:00:00,recyclable,1.14,0.2,0.99,91.91
4,2023-09-08 20:15:00,non_recyclable,1.35,0.59,0.28,57.0
4,2023-09-08 20:30:00,organic,0.78,0.86,0.35,63.31
4,2023-09-08 20:45:00,non_recyclable,1.02,0.83,0.04,31.47
1,2023-09-08 21:00:00,organic,0.65,0.83,0.98,39.79
1,2023-09-08 21:15:00,recyclable,1.29,0.64,0.62,73.05
1,2023-09-08 21:30:00,organic,1.37,0.12,0.99,5.18
2,2023-09-08 21:45:00,recyclable,0.96,0.94,0.46,13.95
1,2023-09-08 22:00:00,recyclable,1.28,0.82,0.53,73.08
3,2023-09-08 22:15:00,recyclable,1.34,0.92,0.99,79.26
3,2023-09-08 22:30:00,non_recyclable,1.18,0.18,0.11,90.8
1,2023-09-08 22:45:00,organic,0.95,0.95,0.05,58.21
4,2023-09-08 23:00:00,non_recyclable,1.1,0.66,0.75,59.43
3,2023-09-08 23:15:00,non_recyclable,0.72,0.81,0.93,67.38
4,2023-09-08 23:30:00,recyclable,0.94,0.76,0.22,89.41
4,2023-09-08 23:45:00,non_recyclable,1.33,0.68,0.91,50.2
1,2023-09-09 00:00:00,organic,0.67,0.33,0.36,86.46
2,2023-09-09 00:15:00,organic,1.29,0.72,0.66,70.15
1,2023-09-09 00:30:00,organic,0.85,0.3,0.94,67.7
2,2023-09-09 00:45:00,non_recyclable,0.69,0.47,0.7,69.3
1,2023-09-09 01:00:00,non_recyclable,1.02,0.61,0.86,74.42
3,2023-09-09 01:15:00,recyclable,0.81,0.88,0.36,27.83
4,2023-09-09 01:30:00,organic,1.2,0.72,0.1,91.03
1,2023-09-09 01:45:00,non_recyclable,1.22,0.21,0.72,58.91
2,2023-09-09 02:00:00,organic,0.82,0.57,0.51,83.59
1,2023-09-09 02:15:00,non_recyclable,1.01,0.0,0.39,49.17
3,2023-09-09 02:30:00,non_recyclable,1.07,0.47,0.95,51.89
2,2023-09-09 02:45:00,recyclable,1.23,0.38,0.69,36.25
1,2023-09-09 03:00:00,organic,0.65,0.28,0.23,67.86
1,2023-09-09 03:15:00,recyclable,0.88,0.84,0.32,1.27
3,2023-09-09 03:30:00,organic,0.65,0.49,0.27,85.1
1,2023-09-09 03:45:00,organic,1.13,0.27,0.19,44.57
2,2023-09-09 04:00:00,non_recyclable,0.64,0.61,0.03,19.57
1,2023-09-09 04:15:00,recyclable,0.7,0.66,0.7,81.17
1,2023-09-09 04:30:00,non_recyclable,1.17,0.57,0.39,76.69
2,2023-09-09 04:45:00,recyclable,0.73,0.92,0.07,56.12
2,2023-09-09 05:00:00,organic,1.14,0.45,1.0,80.41
4,2023-09-09 05:15:00,recyclable,0.68,0.01,0.95,3.03
4,2023-09-09 05:30:00,non_recyclable,0.92,0.04,0.51,63.7
4,2023-09-09 05:45:00,non_recyclable,1.08,0.36,0.1,22.15
3,2023-09-09 06:00:00,recyclable,0.85,0.95,0.97,70.59
3,2023-09-09 06:15:00,organic,1.24,0.81,0.68,55.0
3,2023-09-09 06:30:00,organic,0.98,0.69,0.65,31.06
4,2023-09-09 06:45:00,non_recyclable,0.67,0.15,0.72,37.94
1,2023-09-09 07:00:00,organic,0.87,0.58,0.33,22.72
3,2023-09-09 07:15:00,organic,0.69,0.18,0.19,89.18
3,2023-09-09 07:30:00,recyclable,1.13,0.42,0.36,71.11
3,2023-09-09 07:45:00,non_recyclable,0.73,0.6,0.57,59.54
1,2023-09-09 08:00:00,organic,0.6,0.99,0.7,27.25
4,2023-09-09 08:15:00,recyclable,0.96,0.11,0.46,74.26
1,2023-09-09 08:30:00,non_recyclable,1.29,0.39,0.3,48.25
1,2023-09-09 08:45:00,recyclable,1.19,0.36,0.89,96.85
1,2023-09-09 09:00:00,non_recyclable,0.6,0.19,0.44,68.57
2,2023-09-09 09:15:00,organic,1.16,0.56,0.88,14.71
4,2023-09-09 09:30:00,organic,0.99,0.03,0.89,78.49
3,2023-09-09 09:45:00,recyclable,0.7,0.27,0.6,89.6
1,2023-09-09 10:00:00,recyclable,0.89,0.75,0.48,77.63
1,2023-09-09 10:15:00,non_recyclable,0.62,0.9,0.86,93.73
1,2023-09-09 10:30:00,recyclable,1.23,0.4,0.95,42.89
3,2023-09-09 10:45:00,non_recyclable,0.99,0.7,0.74,84.82
2,2023-09-09 11:00:00,recyclable,0.77,0.82,0.12,96.25
4,2023-09-09 11:15:00,non_recyclable,1.2,0.13,0.46,49.64
2,2023-09-09 11:30:00,non_recyclable,0.88,0.3,0.91,23.11
4,2023-09-09 11:45:00,non_recyclable,1.3,0.99,0.0,23.96
4,2023-09-09 12:00:00,non_recyclable,1.11,0.35,0.79,96.47
4,2023-09-09 12:15:00,non_recyclable,0.93,0.37,0.25,52.75
3,2023-09-09 12:30:00,recyclable,1.2,0.47,0.01,48.99
1,2023-09-09 12:45:00,non_recyclable,1.06,0.1,0.24,66.11
3,2023-09-09 13:00:00,recyclable,0.72,0.27,0.59,61.58
4,2023-09-09 13:15:00,organic,0.69,0.75,0.99,65.14
4,2023-09-09 13:30:00,recyclable,0.76,0.38,0.41,20.2
1,2023-09-09 13:45:00,recyclable,0.73,0.53,0.85,42.65
1,2023-09-09 14:00:00,organic,1.04,0.37,0.68,23.28
1,2023-09-09 14:15:00,recyclable,0.87,0.91,0.16,13.5
4,2023-09-09 14:30:00,non_recyclable,0.97,0.31,0.06,29.11
3,2023-09-09 14:45:00,recyclable,0.8,0.37,0.72,48.35
2,2023-09-09 15:00:00,organic,0.76,0.85,0.1,27.02
3,2023-09-09 15:15:00,recyclable,1.33,0.05,0.91,72.57
1,2023-09-09 15:30:00,recyclable,1.27,0.72,0.06,56.43
2,2023-09-09 15:45:00,non_recyclable,1.24,0.69,0.97,22.36
2,2023-09-09 16:00:00,recyclable,0.81,0.47,0.3,71.59
1,2023-09-09 16:15:00,organic,0.98,0.72,0.38,33.12
2,2023-09-09 16:30:00,non_recyclable,1.12,0.82,0.46,45.91
3,2023-09-09 16:45:00,organic,0.79,0.03,0.2,72.17
1,2023-09-09 17:00:00,non_recyclable,0.7,0.75,0.72,74.49
2,2023-09-09 17:15:00,recyclable,1.21,0.94,0.25,93.91
2,2023-09-09 17:30:00,recyclable,1.03,0.07,0.3,1.5
3,2023-09-09 17:45:00,non_recyclable,0.95,0.03,0.56,95.26
2,2023-09-09 18:00:00,recyclable,1.14,0.98,0.3,64.51
1,2023-09-09 18:15:00,recyclable,1.32,0.5,0.52,49.25
1,2023-09-09 18:30:00,organic,1.12,0.57,0.82,86.1
3,2023-09-09 18:45:00,non_recyclable,0.99,0.68,0.36,14.91
2,2023-09-09 19:00:00,non_recyclable,1.23,0.34,0.25,90.29
3,2023-09-09 19:15:00,non_recyclable,1.08,0.85,0.26,48.64
3,2023-09-09 19:30:00,recyclable,1.06,0.23,0.8,20.57
1,2023-09-09 19:45:00,organic,1.09,0.15,0.97,1.44
4,2023-09-09 20:00:00,recyclable,1.16,0.51,0.31,83.56
2,2023-09-09 20:15:00,non_recyclable,0.78,0.92,0.86,86.79
1,2023-09-09 20:30:00,non_recyclable,1.13,0.74,0.92,86.66
2,2023-09-09 20:45:00,recyclable,1.39,0.43,0.82,6.27
3,2023-09-09 21:00:00,organic,0.66,0.63,0.6,56.25
4,2023-09-09 21:15:00,non_recyclable,1.33,0.17,0.43,86.07
2,2023-09-09 21:30:00,organic,0.84,0.36,0.53,73.53
4,2023-09-09 21:45:00,recyclable,0.92,0.04,0.84,33.57
3,2023-09-09 22:00:00,organic,1.16,0.56,0.25,61.84
2,2023-09-09 22:15:00,non_recyclable,1.08,0.52,0.43,77.79
3,2023-09-09 22:30:00,recyclable,1.05,0.59,0.99,48.86
4,2023-09-09 22:45:00,non_recyclable,1.37,0.11,0.25,89.41
2,2023-09-09 23:00:00,recyclable,0.84,0.9,0.15,52.75
2,2023-09-09 23:15:00,non_recyclable,1.11,0.21,0.74,59.19
2,2023-09-09 23:30:00,non_recyclable,1.08,0.5,0.36,42.65
1,2023-09-09 23:45:00,organic,0.69,0.92,0.02,30.53
3,2023-09-10 00:00:00,recyclable,0.68,0.3,0.22,30.32
3,2023-09-10 00:15:00,non_recyclable,0.7,0.73,0.83,23.53
1,2023-09-10 00:30:00,non_recyclable,1.09,0.11,0.68,13.14
3,2023-09-10 00:45:00,non_recyclable,0.99,0.56,0.03,63.28
3,2023-09-10 01:00:00,non_recyclable,1.12,0.08,0.38,81.63
1,2023-09-10 01:15:00,organic,0.72,0.56,0.22,64.19
3,2023-09-10 01:30:00,recyclable,1.07,0.89,0.26,71.99
3,2023-09-10 01:45:00,organic,1.28,0.37,0.12,54.24
1,2023-09-10 02:00:00,non_recyclable,1.03,0.68,0.44,87.09
2,2023-09-10 02:15:00,non_recyclable,0.67,0.2,0.56,70.19
2,2023-09-10 02:30:00,non_recyclable,0.84,0.72,0.96,55.34
1,2023-09-10 02:45:00,recyclable,1.07,0.11,0.86,93.32
3,2023-09-10 03:00:00,recyclable,1.1,0.67,0.89,63.47
4,2023-09-10 03:15:00,recyclable,1.21,0.4,0.6,27.72
4,2023-09-10 03:30:00,non_recyclable,1.3,0.08,0.91,14.71
4,2023-09-10 03:45:00,recyclable,0.87,0.42,0.59,17.98
2,2023-09-10 04:00:00,recyclable,1.03,0.72,0.38,29.88
4,2023-09-10 04:15:00,non_recyclable,0.67,0.93,0.84,37.55
2,2023-09-10 04:30:00,organic,1.15,0.05,0.47,7.4
3,2023-09-10 04:45:00,non_recyclable,0.86,0.51,0.07,33.59
2,2023-09-10 05:00:00,non_recyclable,1.15,0.8,0.38,38.18
2,2023-09-10 05:15:00,non_recyclable,1.04,0.54,0.77,4.42
4,2023-09-10 05:30:00,organic,0.64,0.82,0.61,4.87
2,2023-09-10 05:45:00,non_recyclable,1.18,0.62,0.26,59.96
3,2023-09-10 06:00:00,non_recyclable,1.39,0.99,0.14,48.31
2,2023-09-10 06:15:00,recyclable,0.92,0.39,0.27,34.89
1,2023-09-10 06:30:00,recyclable,0.93,0.43,0.23,5.08
3,2023-09-10 06:45:00,organic,0.89,0.22,0.41,79.85
3,2023-09-10 07:00:00,recyclable,0.76,0.62,0.57,57.74
3,2023-09-10 07:15:00,recyclable,1.05,0.25,0.47,79.94
3,2023-09-10 07:30:00,non_recyclable,1.26,0.94,0.99,66.4
2,2023-09-10 07:45:00,non_recyclable,1.04,0.01,0.79,14.39
2,2023-09-10 08:00:00,organic,1.33,0.15,0.44,19.66
2,2023-09-10 08:15:00,organic,1.28,0.84,0.15,84.33
3,2023-09-10 08:30:00,non_recyclable,0.65,0.33,0.55,42.39
2,2023-09-10 08:45:00,non_recyclable,1.16,0.84,0.14,69.39
4,2023-09-10 09:00:00,non_recyclable,1.01,0.97,0.89,37.5
3,2023-09-10 09:15:00,recyclable,0.9,0.19,0.46,93.33
3,2023-09-10 09:30:00,non_recyclable,0.72,0.15,0.39,98.26
1,2023-09-10 09:45:00,non_recyclable,0.72,0.07,0.97,5.75
2,2023-09-10 10:00:00,organic,1.2,0.01,0.79,80.61
3,2023-09-10 10:15:00,organic,0.78,0.96,0.98,27.89
1,2023-09-10 10:30:00,recyclable,0.75,0.78,0.44,31.19
3,2023-09-10 10:45:00,recyclable,1.22,0.57,0.42,27.18
3,2023-09-10 11:00:00,recyclable,0.94,0.22,0.96,44.59
3,2023-09-10 11:15:00,organic,0.79,0.26,0.36,99.59
2,2023-09-10 11:30:00,organic,1.3,0.39,0.73,44.4
3,2023-09-10 11:45:00,organic,0.62,0.54,0.15,25.14
1,2023-09-10 12:00:00,recyclable,1.39,0.91,0.01,16.83
2,2023-09-10 12:15:00,organic,1.3,0.57,0.14,2.39
2,2023-09-10 12:30:00,recyclable,0.91,0.26,0.4,84.24
3,2023-09-10 12:45:00,non_recyclable,1.08,0.78,0.06,46.1
2,2023-09-10 13:00:00,non_recyclable,1.22,0.07,0.99,62.37
4,2023-09-10 13:15:00,non_recyclable,1.23,0.45,0.26,21.01
2,2023-09-10 13:30:00,organic,0.63,0.89,0.83,50.92
2,2023-09-10 13:45:00,organic,0.95,0.53,0.29,7.1
4,2023-09-10 14:00:00,non_recyclable,1.18,0.66,0.73,51.44
4,2023-09-10 14:15:00,organic,1.09,0.59,0.14,62.84
3,2023-09-10 14:30:00,non_recyclable,1.34,0.28,0.46,1.1
2,2023-09-10 14:45:00,organic,0.74,0.35,0.34,13.89
1,2023-09-10 15:00:00,non_recyclable,0.69,0.2,0.53,24.52
1,2023-09-10 15:15:00,organic,1.01,0.99,0.94,22.53
4,2023-09-10 15:30:00,recyclable,0.7,0.15,0.98,3.29
4,2023-09-10 15:45:00,organic,1.4,0.19,0.79,4.19
2,2023-09-10 16:00:00,organic,1.3,0.13,0.98,9.48
3,2023-09-10 16:15:00,organic,1.22,0.69,0.67,82.59
3,2023-09-10 16:30:00,recyclable,0.89,0.24,0.46,8.89
2,2023-09-10 16:45:00,organic,0.86,0.74,0.17,38.26
4,2023-09-10 17:00:00,organic,0.77,0.35,0.12,6.86
1,2023-09-10 17:15:00,recyclable,1.05,0.96,0.81,46.68
4,2023-09-10 17:30:00,organic,1.07,0.5,0.73,76.75
3,2023-09-10 17:45:00,recyclable,0.94,0.93,0.75,23.67
1,2023-09-10 18:00:00,recyclable,1.24,0.7,0.97,57.91
4,2023-09-10 18:15:00,non_recyclable,1.26,0.46,0.36,51.09
3,2023-09-10 18:30:00,organic,1.02,0.85,0.52,52.75
4,2023-09-10 18:45:00,non_recyclable,1.1,0.2,0.73,64.39
1,2023-09-10 19:00:00,recyclable,0.61,0.23,0.15,20.06
1,2023-09-10 19:15:00,non_recyclable,0.66,0.33,0.64,49.33
4,2023-09-10 19:30:00,recyclable,0.64,0.36,0.36,29.96
1,2023-09-10 19:45:00,recyclable,0.86,0.77,0.81,42.91
4,2023-09-10 20:00:00,non_recyclable,1.4,0.06,0.92,54.83
2,2023-09-10 20:15:00,non_recyclable,1.14,0.79,0.28,91.3
2,2023-09-10 20:30:00,organic,1.27,0.67,0.27,26.46
1,2023-09-10 20:45:00,recyclable,0.94,0.26,0.72,42.51
4,2023-09-10 21:00:00,organic,1.17,0.6,0.17,3.6
4,2023-09-10 21:15:00,recyclable,0.89,0.89,0.66,79.97
4,2023-09-10 21:30:00,organic,0.75,0.27,0.31,76.63
4,2023-09-10 21:45:00,recyclable,0.93,0.9,0.7,7.34
3,2023-09-10 22:00:00,non_recyclable,1.29,0.41,0.17,30.04
2,2023-09-10 22:15:00,non_recyclable,1.12,0.4,0.65,90.09
2,2023-09-10 22:30:00,recyclable,0.73,0.11,0.21,85.88
1,2023-09-10 22:45:00,recyclable,0.77,0.21,0.8,27.25
4,2023-09-10 23:00:00,organic,1.25,0.56,0.42,72.88
1,2023-09-10 23:15:00,non_recyclable,1.0,0.14,0.78,31.24
2,2023-09-10 23:30:00,organic,1.1,0.1,0.5,47.79
3,2023-09-10 23:45:00,organic,0.95,0.02,0.18,61.33
2,2023-09-11 00:00:00,non_recyclable,1.38,0.61,0.44,6.27
3,2023-09-11 00:15:00,recyclable,1.19,0.86,0.07,47.68
3,2023-09-11 00:30:00,non_recyclable,0.87,0.45,0.32,68.62
1,2023-09-11 00:45:00,organic,1.35,0.81,0.9,8.32
2,2023-09-11 01:00:00,recyclable,0.64,0.65,0.64,70.1
3,2023-09-11 01:15:00,non_recyclable,0.66,0.84,0.86,73.51
4,2023-09-11 01:30:00,non_recyclable,0.73,0.05,0.3,95.58
2,2023-09-11 01:45:00,non_recyclable,0.61,0.16,0.45,18.84
3,2023-09-11 02:00:00,recyclable,0.79,0.94,0.8,10.39
1,2023-09-11 02:15:00,organic,1.15,0.39,0.52,77.12
4,2023-09-11 02:30:00,recyclable,1.1,0.02,0.83,84.18
1,2023-09-11 02:45:00,non_recyclable,0.94,0.88,0.34,85.41
3,2023-09-11 03:00:00,recyclable,1.13,0.81,0.9,56.13
1,2023-09-11 03:15:00,recyclable,0.66,0.53,0.36,75.75
4,2023-09-11 03:30:00,non_recyclable,1.06,0.34,0.88,30.19
3,2023-09-11 03:45:00,recyclable,0.68,0.58,0.22,42.13
3,2023-09-11 04:00:00,recyclable,1.09,0.1,0.04,24.18
4,2023-09-11 04:15:00,organic,1.32,0.66,0.47,69.79
2,2023-09-11 04:30:00,recyclable,1.33,0.47,0.56,88.34
4,2023-09-11 04:45:00,organic,1.33,0.75,0.83,55.95
3,2023-09-11 05:00:00,organic,1.02,0.98,0.14,20.19
1,2023-09-11 05:15:00,organic,1.31,0.46,0.75,90.93
3,2023-09-11 05:30:00,recyclable,0.68,0.41,0.47,72.07
3,2023-09-11 05:45:00,non_recyclable,1.18,0.9,0.45,50.72
3,2023-09-11 06:00:00,organic,1.3,0.19,0.65,40.28
3,2023-09-11 06:15:00,recyclable,0.92,0.84,0.15,61.86
4,2023-09-11 06:30:00,organic,1.34,0.74,0.95,63.87
3,2023-09-11 06:45:00,organic,1.22,0.61,0.36,10.0
4,2023-09-11 07:00:00,organic,0.66,0.8,0.56,97.76
1,2023-09-11 07:15:00,recyclable,1.32,0.25,0.06,8.69
4,2023-09-11 07:30:00,non_recyclable,0.88,0.19,0.1,1.18
1,2023-09-11 07:45:00,non_recyclable,0.95,0.38,0.92,26.9
1,2023-09-11 08:00:00,organic,0.91,0.85,0.18,23.95
4,2023-09-11 08:15:00,non_recyclable,1.13,0.99,0.43,92.48
4,2023-09-11 08:30:00,recyclable,0.94,0.6,0.75,31.13
3,2023-09-11 08:45:00,organic,1.35,0.94,0.81,95.83
1,2023-09-11 09:00:00,recyclable,1.05,0.94,0.63,16.52
4,2023-09-11 09:15:00,recyclable,1.38,0.65,0.09,50.1
1,2023-09-11 09:30:00,organic,1.25,0.34,0.76,61.58
4,2023-09-11 09:45:00,recyclable,1.12,0.52,0.82,10.29
3,2023-09-11 10:00:00,recyclable,0.65,0.14,0.83,65.64
4,2023-09-11 10:15:00,recyclable,1.2,0.89,0.49,59.06
3,2023-09-11 10:30:00,recyclable,1.29,0.5,0.4,13.51
2,2023-09-11 10:45:00,non_recyclable,1.39,0.04,1.0,3.36
3,2023-09-11 11:00:00,non_recyclable,1.0,0.53,0.8,22.06
1,2023-09-11 11:15:00,recyclable,0.94,0.92,0.05,15.73
3,2023-09-11 11:30:00,non_recyclable,0.93,0.62,0.14,39.58
1,2023-09-11 11:45:00,organic,0.77,0.17,0.45,0.41
1,2023-09-11 12:00:00,organic,0.88,0.74,0.79,24.34
1,2023-09-11 12:15:00,non_recyclable,0.75,0.59,0.68,57.9
1,2023-09-11 12:30:00,non_recyclable,0.99,0.14,0.37,89.39
4,2023-09-11 12:45:00,organic,0.64,0.76,0.06,5.22
1,2023-09-11 13:00:00,recyclable,1.23,0.9,0.94,60.77
2,2023-09-11 13:15:00,organic,1.35,0.37,0.95,56.11
3,2023-09-11 13:30:00,organic,0.92,0.11,0.56,84.19
1,2023-09-11 13:45:00,organic,0.61,0.11,0.23,53.84
3,2023-09-11 14:00:00,recyclable,0.71,0.8,0.3,33.15
1,2023-09-11 14:15:00,organic,1.32,0.46,0.98,23.56
4,2023-09-11 14:30:00,organic,0.76,0.2,0.5,88.62
2,2023-09-11 14:45:00,organic,0.73,0.57,0.09,38.27
2,2023-09-11 15:00:00,non_recyclable,1.33,0.69,0.2,65.87
3,2023-09-11 15:15:00,recyclable,0.62,0.46,0.67,27.01
3,2023-09-11 15:30:00,recyclable,1.21,0.3,0.46,61.67
1,2023-09-11 15:45:00,non_recyclable,1.3,0.48,0.99,11.9
4,2023-09-11 16:00:00,recyclable,0.96,0.47,0.73,87.08
2,2023-09-11 16:15:00,organic,0.66,0.21,0.11,19.19
2,2023-09-11 16:30:00,non_recyclable,1.29,0.7,0.22,18.3
1,2023-09-11 16:45:00,recyclable,0.96,0.67,0.15,54.21
3,2023-09-11 17:00:00,non_recyclable,1.1,0.4,0.71,55.27
2,2023-09-11 17:15:00,organic,1.3,0.55,0.65,9.58
3,2023-09-11 17:30:00,non_recyclable,0.68,0.18,0.33,11.83
4,2023-09-11 17:45:00,recyclable,0.8,0.16,1.0,86.69
3,2023-09-11 18:00:00,recyclable,0.72,0.3,0.49,87.91
4,2023-09-11 18:15:00,recyclable,0.77,0.97,0.16,82.77
4,2023-09-11 18:30:00,recyclable,1.3,0.63,0.76,84.62
1,2023-09-11 18:45:00,recyclable,1.32,0.77,0.03,9.78
3,2023-09-11 19:00:00,recyclable,1.02,0.94,0.07,70.66
1,2023-09-11 19:15:00,organic,0.92,0.97,0.83,53.77
2,2023-09-11 19:30:00,recyclable,1.07,0.09,0.22,57.37
1,2023-09-11 19:45:00,non_recyclable,0.64,0.57,0.65,10.7
3,2023-09-11 20:00:00,organic,1.35,0.27,0.93,59.2
3,2023-09-11 20:15:00,organic,1.38,0.05,0.98,91.1
4,2023-09-11 20:30:00,non_recyclable,0.61,0.03,0.94,85.22
2,2023-09-11 20:45:00,organic,1.02,0.25,0.89,81.61
4,2023-09-11 21:00:00,non_recyclable,0.92,0.19,0.35,89.56
3,2023-09-11 21:15:00,non_recyclable,0.66,0.42,0.26,54.38
1,2023-09-11 21:30:00,non_recyclable,0.73,0.98,0.5,31.26
3,2023-09-11 21:45:00,recyclable,1.13,0.8,0.1,28.56
